Codigo,Cliente,Factura,Tipo,FechaFactura,TasaFact,Vencimiento,Base,IVA,IVABs,IVA25,TotalPorPagar,Observacion,25% de IVA PENDIENTE,RETENCION PENDIENTE
000436,"Farmatodo, C.A",981612,Nota de Crédito,17/01/2025,54.76,19/01/2025,-1.19,-0.16,-8.76,-2.19,-1.19,,-2.19,-6.57
000436,"Farmatodo, C.A",981652,Nota de Crédito,25/03/2025,68.3936,27/03/2025,-0.13,-0.02,-1.37,-0.34,-0.13,,-0.68,-0.68
000436,"Farmatodo, C.A",981654,Nota de Crédito,25/03/2025,68.3936,27/03/2025,-15.35,-2.46,-168.25,-42.06,0.0,,,-125.84
000436,"Farmatodo, C.A",981691,Nota de Crédito,07/05/2025,91.2113,09/05/2025,-76.96,-12.31,-1122.81,-280.7,-76.96,,-280.93,-841.88
000436,"Farmatodo, C.A",981712,Nota de Crédito,28/05/2025,95.8052,30/05/2025,-0.8,-0.13,-12.45,-3.11,-0.8,,-2.87,-9.58
002188,Profimatica C.A,981725,Nota de Crédito,10/06/2025,99.1247,10/06/2025,-360.44,-49.85,-4941.37,-1235.34,0.0,,-1235.09,-3706.27
000436,"Farmatodo, C.A",981728,Nota de Crédito,16/06/2025,101.0822,16/06/2025,-2.54,-0.41,-41.44,-10.36,-2.54,,-10.11,-31.34
000436,"Farmatodo, C.A",981729,Nota de Crédito,16/06/2025,101.0822,16/06/2025,-58.17,-9.31,-941.08,-235.27,-58.17,,-235.52,-705.55
000436,"Farmatodo, C.A",981730,Nota de Crédito,16/06/2025,101.0822,16/06/2025,-21.16,-3.39,-342.67,-85.67,-21.16,,-85.92,-256.75
003003,"Todo Baratiiico, C.A.",981736,Nota de Crédito,20/06/2025,104.5434,22/06/2025,-1.06,-0.17,-17.77,-4.44,-1.06,,-4.18,-13.59
000262,Bazar y Libreria Araira J.F.. C.A.,990309,Factura,23/06/2025,104.5434,23/09/2025,3065.28,490.44,51272.27,12818.07,3065.28,,,
000262,Bazar y Libreria Araira J.F.. C.A.,990322,Factura,25/06/2025,105.4527,23/09/2025,2417.16,43.55,4592.47,1148.12,2417.16,,,
000262,Bazar y Libreria Araira J.F.. C.A.,990324,Factura,25/06/2025,105.4527,24/08/2025,2280.0,364.8,38469.14,9617.28,499.4,,,
002414,Libreria Horizonte Lecheria C.A,990421,Factura,03/07/2025,109.7724,06/10/2025,585.01,93.6,10274.7,2568.68,585.01,,2568.67,7706.02
002414,Libreria Horizonte Lecheria C.A,990422,Factura,03/07/2025,109.7724,06/10/2025,659.1,105.46,11576.6,2894.15,359.11,,2893.6,8681.9
000436,"Farmatodo, C.A",981771,Nota de Crédito,14/07/2025,115.3279,14/07/2025,-43.23,-5.55,-640.07,-160.02,0.0,,,-479.76
000436,"Farmatodo, C.A",981772,Nota de Crédito,14/07/2025,115.3279,14/07/2025,-83.43,-6.44,-742.71,-185.68,0.0,,,-557.03
003214,"El Rincon Del Doral, C.A",990643,Factura,17/07/2025,117.4036,23/07/2025,359.04,57.45,6744.84,1686.21,0.0,,,5058.92
000177,Papeleria Esteva. C.A.,990658,Factura,17/07/2025,117.4036,20/08/2025,793.28,18.92,2221.28,555.32,0.0,,555.32,
000328,Recorca. C.A.,981778,Nota de Crédito,18/07/2025,118.2874,02/08/2025,-202.5,-32.4,-3832.51,-958.13,0.0,,,-2874.38
002123,San Miguel De Todo un Poco C.A,990670,Factura,18/07/2025,118.2874,19/10/2025,745.74,65.32,7726.53,1931.63,0.0,,,5794.9
002188,Profimatica C.A,991085,Factura,15/08/2025,135.6399,14/09/2025,42.9,6.86,930.49,232.62,0.0,,,697.19
000029,Corporacion Gran Import. C.A.,981830,Nota de Crédito,19/08/2025,136.8931,19/08/2025,-71.64,-11.46,-1568.79,-392.2,-71.64,,-392.88,-1177.28
000029,Corporacion Gran Import. C.A.,981831,Nota de Crédito,19/08/2025,136.8931,19/08/2025,-3.88,-0.62,-84.87,-21.22,-3.88,,-20.53,-64.34
000436,"Farmatodo, C.A",981827,Nota de Crédito,19/08/2025,136.8931,19/08/2025,-4.28,-0.68,-93.09,-23.27,-4.28,,-23.27,-69.82
000328,Recorca. C.A.,981839,Nota de Crédito,21/08/2025,139.4016,05/09/2025,-224.64,-35.94,-5010.09,-1252.52,0.0,,,-3756.87
000328,Recorca. C.A.,981840,Nota de Crédito,21/08/2025,139.4016,05/09/2025,-87.12,-13.94,-1943.26,-485.81,0.0,,,-1458.14
003192,"Supercenter 168, C.A",991117,Factura,21/08/2025,139.4016,25/08/2025,683.97,50.04,6975.66,1743.91,-0.0,,,5231.74
000436,"Farmatodo, C.A",981849,Nota de Crédito,22/08/2025,140.66,22/08/2025,-11.18,-1.67,-234.9,-58.73,-11.18,,-59.08,
002627,"Inside Market, Supermercado Rio C.A",991216,Factura,27/08/2025,144.3732,03/10/2025,180.12,12.52,1807.55,451.89,0.0,,,1355.66
002627,"Inside Market, Supermercado Rio C.A",991218,Factura,27/08/2025,144.3732,03/10/2025,180.12,12.52,1807.55,451.89,0.0,,,1355.66
002627,"Inside Market, Supermercado Rio C.A",991219,Factura,27/08/2025,144.3732,03/10/2025,180.12,12.52,1807.55,451.89,0.0,,,1355.66
002627,"Inside Market, Supermercado Rio C.A",991220,Factura,27/08/2025,144.3732,03/10/2025,180.12,12.52,1807.55,451.89,0.0,,,1355.66
000101,Asociacion Civil La Gran Proveeduria Estudiantil (A.C La Prov Estud.),991297,Factura,29/08/2025,147.0825,15/10/2025,161.64,25.86,3803.55,950.89,-0.0,,950.15,2851.93
003066,"L C Paper, C.A",991406,Factura,10/09/2025,156.3739,30/10/2025,2913.42,342.19,53509.58,13377.4,913.42,,13377.79,40131.8
003228,"Inversiones Recorcholis, C.A",981909,Nota de Crédito,17/09/2025,161.888,19/09/2025,-14.34,-2.29,-370.72,-92.68,0.0,,,-278.45
003228,"Inversiones Recorcholis, C.A",981910,Nota de Crédito,17/09/2025,161.888,19/09/2025,-187.9,-16.45,-2663.06,-665.76,0.0,,,-1997.7
000103,La Reunion C.A.,981911,Nota de Crédito,17/09/2025,161.888,19/09/2025,-143.55,-22.97,-3718.57,-929.64,0.0,,,-2789.33
000157,Libreria  Punto y Coma Caribe. C.A.,991530,Factura,18/09/2025,163.6474,23/10/2025,424.81,38.05,6226.78,1556.69,-0.0,,,4670.5
000157,Libreria  Punto y Coma Caribe. C.A.,991531,Factura,18/09/2025,163.6474,23/10/2025,279.5,44.72,7318.31,1829.58,0.0,,,5488.73
000157,Libreria  Punto y Coma Caribe. C.A.,991532,Factura,18/09/2025,163.6474,23/10/2025,296.64,47.46,7766.71,1941.68,0.0,,,5824.21
000157,Libreria  Punto y Coma Caribe. C.A.,991534,Factura,18/09/2025,163.6474,23/10/2025,306.01,48.96,8012.18,2003.05,-0.0,,,6009.13
000157,Libreria  Punto y Coma Caribe. C.A.,991535,Factura,18/09/2025,163.6474,23/10/2025,626.95,100.31,16415.47,4103.87,-0.0,,,12311.19
000029,Corporacion Gran Import. C.A.,991594,Factura,19/09/2025,165.4101,23/10/2025,296.0,47.36,7833.82,1958.45,0.0,,,5875.37
000157,Libreria  Punto y Coma Caribe. C.A.,991536,Factura,19/09/2025,165.4101,23/10/2025,416.07,66.57,11011.35,2752.84,-0.0,,,8258.93
000152,Libreria  Punto y Coma. C.A.,991573,Factura,19/09/2025,165.4101,23/10/2025,306.01,48.96,8098.48,2024.62,-0.0,,,6073.86
000152,Libreria  Punto y Coma. C.A.,991563,Factura,19/09/2025,165.4101,23/10/2025,416.07,66.57,11011.35,2752.84,0.0,,,8258.93
000152,Libreria  Punto y Coma. C.A.,991565,Factura,19/09/2025,165.4101,23/10/2025,601.95,96.31,15930.65,3982.66,-0.0,,,11947.57
000152,Libreria  Punto y Coma. C.A.,991555,Factura,19/09/2025,165.4101,23/10/2025,399.67,34.03,5628.91,1407.23,-0.0,,,4221.27
000152,Libreria  Punto y Coma. C.A.,991559,Factura,19/09/2025,165.4101,23/10/2025,371.0,59.36,9818.74,2454.68,-0.0,,,7364.06
000152,Libreria  Punto y Coma. C.A.,991560,Factura,19/09/2025,165.4101,23/10/2025,446.58,71.45,11818.55,2954.64,-0.0,,,8864.33
000268,Libreria  Tecnica  El Quijote. C.A.,991537,Factura,19/09/2025,165.4101,23/10/2025,424.81,38.05,6293.85,1573.46,-0.0,,,4720.8
000268,Libreria  Tecnica  El Quijote. C.A.,991538,Factura,19/09/2025,165.4101,23/10/2025,470.04,75.21,12440.49,3110.12,0.0,,,9330.78
000268,Libreria  Tecnica  El Quijote. C.A.,991539,Factura,19/09/2025,165.4101,23/10/2025,409.24,65.48,10831.05,2707.76,-0.0,,,8123.29
000268,Libreria  Tecnica  El Quijote. C.A.,991540,Factura,19/09/2025,165.4101,23/10/2025,318.35,50.94,8425.99,2106.5,-0.0,,,6318.67
000268,Libreria  Tecnica  El Quijote. C.A.,991541,Factura,19/09/2025,165.4101,23/10/2025,651.95,104.31,17253.93,4313.48,0.0,,,12940.03
000268,Libreria  Tecnica  El Quijote. C.A.,991543,Factura,19/09/2025,165.4101,23/10/2025,416.07,66.57,11011.35,2752.84,-0.0,,,8258.93
000154,Libreria Punto y Coma Unicentro. C.A.,991552,Factura,19/09/2025,165.4101,23/10/2025,601.95,96.31,15930.65,3982.66,-0.0,,,11947.57
000154,Libreria Punto y Coma Unicentro. C.A.,991554,Factura,19/09/2025,165.4101,23/10/2025,410.27,65.64,10857.52,2714.38,0.0,,,8143.14
000154,Libreria Punto y Coma Unicentro. C.A.,991545,Factura,19/09/2025,165.4101,23/10/2025,408.61,35.46,5865.44,1466.36,-0.0,,,4398.25
000154,Libreria Punto y Coma Unicentro. C.A.,991546,Factura,19/09/2025,165.4101,23/10/2025,294.94,47.19,7805.7,1951.42,-0.0,,,5853.86
000154,Libreria Punto y Coma Unicentro. C.A.,991547,Factura,19/09/2025,165.4101,23/10/2025,292.74,46.84,7747.81,1936.95,-0.0,,,5810.86
000154,Libreria Punto y Coma Unicentro. C.A.,991548,Factura,19/09/2025,165.4101,23/10/2025,446.58,71.45,11818.55,2954.64,-0.0,,,8864.33
000154,Libreria Punto y Coma Unicentro. C.A.,991549,Factura,19/09/2025,165.4101,23/10/2025,306.01,48.96,8098.48,2024.62,-0.0,,,6073.86
002974,Super Interplast C.A.,991544,Factura,19/09/2025,165.4101,24/10/2025,575.08,92.01,15219.38,3804.84,0.0,,,11414.95
003192,"Supercenter 168, C.A",991568,Factura,19/09/2025,165.4101,23/09/2025,180.0,28.8,4763.81,1190.95,-0.0,,,3572.86
003192,"Supercenter 168, C.A",991566,Factura,19/09/2025,165.4101,23/09/2025,4915.2,479.62,79333.99,19833.5,0.0,,,59499.67
002841,"Aula 313, C.A",991607,Factura,22/09/2025,166.5834,22/10/2025,121.3,19.41,3233.38,808.35,0.0,,807.93,
003192,"Supercenter 168, C.A",991603,Factura,22/09/2025,166.5834,22/11/2025,213.3,34.13,5685.49,1421.37,-0.0,,,4264.54
003192,"Supercenter 168, C.A",991596,Factura,22/09/2025,166.5834,22/11/2025,95.16,15.23,2537.07,634.27,95.16,,634.68,1902.38
003192,"Supercenter 168, C.A",991600,Factura,22/09/2025,166.5834,22/11/2025,489.08,54.78,9125.44,2281.36,186.1,,2282.19,6844.91
003192,"Supercenter 168, C.A",991601,Factura,22/09/2025,166.5834,22/11/2025,211.32,33.81,5632.18,1408.05,0.0,,,4224.56
003081,"Book & House Inversiones, C.A",981923,Nota de Crédito,23/09/2025,168.4157,25/09/2025,-8.54,-1.37,-230.73,-57.68,0.0,,,-173.47
003081,"Book & House Inversiones, C.A",981924,Nota de Crédito,23/09/2025,168.4157,25/09/2025,-1.57,-0.25,-42.1,-10.53,0.0,,,-32.0
003081,"Book & House Inversiones, C.A",981925,Nota de Crédito,23/09/2025,168.4157,25/09/2025,-1.53,-0.24,-40.42,-10.11,0.0,,,-30.31
000008,Sumiof 1956. C.A.,981928,Nota de Crédito,23/09/2025,168.4157,25/09/2025,-581.4,-93.02,-15666.03,-3916.51,0.0,,,-11750.36
000101,Asociacion Civil La Gran Proveeduria Estudiantil (A.C La Prov Estud.),991642,Factura,24/09/2025,169.9761,31/10/2025,880.9,107.13,18209.54,4552.39,-0.0,,4551.96,13657.58
002393,Escolares C.A,991638,Factura,24/09/2025,169.9761,29/10/2025,645.6,39.94,6788.85,1697.21,0.0,,1696.36,5090.78
002393,Escolares C.A,991647,Factura,25/09/2025,171.8458,29/10/2025,124.8,15.84,2722.04,680.51,0.0,,680.51,2041.53
000837,"""Papeleria Latina Oriente, Compañia Anonima""",981946,Nota de Crédito,26/09/2025,173.7361,11/10/2025,-100.0,-16.0,-2779.78,-694.95,0.0,,,-2084.83
000025,Bazar Mikelan. C.A.,991666,Factura,26/09/2025,173.7361,29/10/2025,4918.2,533.47,92683.0,23170.75,-0.0,,,69511.81
003127,"Comercial Popular HM, C.A",981936,Nota de Crédito,26/09/2025,173.7361,28/09/2025,-31.96,-1.89,-328.36,-82.09,-31.96,,-81.66,-246.71
000103,La Reunion C.A.,981938,Nota de Crédito,26/09/2025,173.7361,28/09/2025,-75.85,-2.85,-495.15,-123.79,0.0,,,-371.8
003157,"Productos Aldaba, C.A",981951,Nota de Crédito,26/09/2025,173.7361,28/09/2025,-50.0,-8.0,-1389.89,-347.47,-50.0,,-347.47,-1042.42
003003,"Todo Baratiiico, C.A.",981962,Nota de Crédito,01/10/2025,179.4308,31/10/2025,-1.42,-0.23,-41.27,-10.32,-1.42,,-10.77,-30.5
000092,Distribuidora Brando. C.A.,981972,Nota de Crédito,06/10/2025,185.3983,08/10/2025,-122.2,-19.55,-3624.54,-906.13,0.0,,,-2717.94
002939,Libreria Independencia C.A,991778,Factura,15/10/2025,199.1072,20/11/2025,389.06,41.21,8205.21,2051.3,389.06,,2050.8,
003266,"Surtiven 2020, C.A",991785,Factura,16/10/2025,201.4665,19/11/2025,664.8,106.37,21429.99,5357.5,-0.0,,,16073.0
002079,"Excelsior Gama Supermercados, C,A.",982001,Nota de Crédito,22/10/2025,210.2825,06/11/2025,-3.04,0.0,0.0,0.0,-3.04,,0.0,0.0
000498,"Importadora Japonesa II, C.A.",982012,Nota de Crédito,24/10/2025,214.419,24/10/2025,-85.34,-13.65,-2926.82,-731.71,0.0,,,-2195.65
002188,Profimatica C.A,991842,Factura,24/10/2025,214.419,28/11/2025,663.48,106.16,22762.72,5690.68,188.69,,,
000081,Carvajal Romero C.A.,982021,Nota de Crédito,28/10/2025,218.17,30/10/2025,-18.75,-3.0,-654.51,-163.63,-18.75,,-163.63,-490.88
000081,Carvajal Romero C.A.,982022,Nota de Crédito,28/10/2025,218.17,30/10/2025,-220.8,-35.33,-7707.95,-1926.99,-220.8,,-1926.44,-5781.51
000081,Carvajal Romero C.A.,982026,Nota de Crédito,28/10/2025,218.17,30/10/2025,-242.76,-38.84,-8473.72,-2118.43,-242.76,,-2118.43,-6355.29
002754,Offishop II C.A,982018,Nota de Crédito,28/10/2025,218.17,30/10/2025,-61.5,-9.84,-2146.79,-536.7,-61.5,,-536.7,-1610.09
003266,"Surtiven 2020, C.A",982017,Nota de Crédito,28/10/2025,218.17,30/10/2025,-5.54,-0.89,-194.17,-48.54,-5.54,,-48.0,-146.17
000436,"Farmatodo, C.A",982036,Nota de Crédito,29/10/2025,219.8737,29/10/2025,-0.78,-0.07,-15.39,-3.85,-0.78,,-4.4,-10.99
002188,Profimatica C.A,982039,Nota de Crédito,30/10/2025,221.7438,01/11/2025,-16.1,-2.58,-572.1,-143.03,0.0,,-144.13,-430.18
002188,Profimatica C.A,982040,Nota de Crédito,30/10/2025,221.7438,01/11/2025,-80.38,-12.86,-2851.63,-712.91,0.0,,,-2137.61
002188,Profimatica C.A,982045,Nota de Crédito,05/11/2025,226.1305,07/11/2025,-142.01,-22.72,-5137.68,-1284.42,0.0,,-1284.42,-3853.26
002942,Comercial Perfecto MS C.A,991921,Factura,06/11/2025,227.5567,11/12/2025,841.92,134.71,30654.16,7663.54,-0.0,,,22990.05
000436,"Farmatodo, C.A",982047,Nota de Crédito,07/11/2025,228.4796,07/11/2025,-36.63,-4.6,-1051.01,-262.75,-36.63,,-262.75,-788.25
003214,"El Rincon Del Doral, C.A",991945,Factura,13/11/2025,233.5576,19/12/2025,240.72,3.65,852.49,213.12,0.0,,,639.95
000436,"Farmatodo, C.A",982052,Nota de Crédito,14/11/2025,234.8715,14/11/2025,-6.31,-0.58,-136.23,-34.06,-6.31,,-32.88,-100.99
000436,"Farmatodo, C.A",982062,Nota de Crédito,19/11/2025,237.7505,19/11/2025,-8.29,-0.73,-173.56,-43.39,-8.29,,-42.8,-130.76
002188,Profimatica C.A,982073,Nota de Crédito,24/11/2025,241.578,26/11/2025,-579.22,-92.68,-22389.45,-5597.36,0.0,"SE CRUZARON 59,68 CON FACTURA 990856 3% DESCONTADO POR CLIENTE",-5597.36,-16792.09
000193,Sigo. S.A.,991993,Factura,25/11/2025,243.1105,25/11/2025,33.95,4.35,1057.53,264.38,-0.0,,264.99,792.54
000498,"Importadora Japonesa II, C.A.",982075,Nota de Crédito,26/11/2025,243.5727,26/11/2025,-498.24,-79.72,-19417.62,-4854.4,0.0,,,-14563.21
000498,"Importadora Japonesa II, C.A.",982076,Nota de Crédito,26/11/2025,243.5727,26/11/2025,-13.84,-2.21,-538.3,-134.57,0.0,,,-404.33
000436,"Farmatodo, C.A",982077,Nota de Crédito,27/11/2025,244.6504,27/11/2025,-4.46,-0.61,-149.24,-37.31,-4.46,,-36.7,-112.54
003214,"El Rincon Del Doral, C.A",982086,Nota de Crédito,03/12/2025,249.1989,05/12/2025,-277.28,-44.36,-11054.46,-2763.61,0.0,,,-8290.85
000498,"Importadora Japonesa II, C.A.",982089,Nota de Crédito,05/12/2025,254.8705,05/12/2025,-80.38,-12.86,-3277.63,-819.41,0.0,,,-2456.95
000028,Libreria Santa Rosa. C.A.,982099,Nota de Crédito,09/12/2025,257.9287,10/12/2025,-232.08,-37.13,-9576.89,-2394.22,0.0,,,-7183.31
000029,Corporacion Gran Import. C.A.,992055,Factura,11/12/2025,265.0662,14/01/2026,84.8,13.57,3596.95,899.24,0.0,,,2698.37
000345,Papeleria La Nube Azul C A,982100,Nota de Crédito,11/12/2025,265.0662,13/12/2025,-36.0,-5.76,-1526.78,-381.69,-36.0,,-381.7,-1145.09
000345,Papeleria La Nube Azul C A,982101,Nota de Crédito,11/12/2025,265.0662,13/12/2025,-3.54,-0.57,-151.09,-37.77,-3.54,,-37.11,-113.98
000345,Papeleria La Nube Azul C A,982102,Nota de Crédito,11/12/2025,265.0662,13/12/2025,-28.47,-4.56,-1208.7,-302.18,-28.47,,-302.18,-906.53
000345,Papeleria La Nube Azul C A,982103,Nota de Crédito,11/12/2025,265.0662,13/12/2025,-32.4,-5.18,-1373.04,-343.26,-32.4,,-341.94,-1028.46
000345,Papeleria La Nube Azul C A,982104,Nota de Crédito,11/12/2025,265.0662,13/12/2025,-46.08,-7.37,-1953.54,-488.38,-46.08,,-487.72,-1465.82
000345,Papeleria La Nube Azul C A,982105,Nota de Crédito,11/12/2025,265.0662,13/12/2025,-29.85,-1.32,-349.89,-87.47,-29.85,,-87.47,-262.42
000498,"Importadora Japonesa II, C.A.",982107,Nota de Crédito,12/12/2025,267.7499,12/12/2025,-13.0,-2.08,-556.92,-139.23,0.0,,,-417.69
000498,"Importadora Japonesa II, C.A.",982115,Nota de Crédito,13/01/2026,330.3751,13/01/2026,-25.39,-3.86,-1275.25,-318.81,0.0,,,-958.09
000436,"Farmatodo, C.A",982117,Nota de Crédito,15/01/2026,339.1495,15/01/2026,-1.15,-0.04,-13.57,-3.39,-1.15,,-3.39,-10.17
002188,Profimatica C.A,982122,Nota de Crédito,20/01/2026,344.5071,22/01/2026,-63.9,-10.22,-3520.86,-880.22,0.0,,-881.94,
002188,Profimatica C.A,982123,Nota de Crédito,20/01/2026,344.5071,22/01/2026,-8.58,-1.37,-471.97,-117.99,0.0,,-117.13,-354.84
002188,Profimatica C.A,982124,Nota de Crédito,20/01/2026,344.5071,22/01/2026,-142.02,-22.72,-7827.2,-1956.8,-0.0,,-1956.8,-5870.4
002847,Tienda La Espiga De Oro C.A,982125,Nota de Crédito,20/01/2026,344.5071,22/01/2026,-20.97,-3.36,-1157.54,-289.38,0.0,,,-868.16
000101,Asociacion Civil La Gran Proveeduria Estudiantil (A.C La Prov Estud.),992155,Factura,29/01/2026,363.6623,19/02/2026,437.05,41.23,14993.8,3748.45,-0.0,,,11244.44
000101,Asociacion Civil La Gran Proveeduria Estudiantil (A.C La Prov Estud.),992156,Factura,29/01/2026,363.6623,19/02/2026,132.2,21.15,7691.46,1922.87,-0.0,,,5767.68
000101,Asociacion Civil La Gran Proveeduria Estudiantil (A.C La Prov Estud.),992157,Factura,29/01/2026,363.6623,19/02/2026,317.63,37.52,13644.61,3411.15,0.0,,,10233.46
000103,La Reunion C.A.,992160,Factura,29/01/2026,363.6623,19/02/2026,132.2,21.15,7691.46,1922.87,132.2,,1923.77,
002628,"Papeleria y Libreria Total MK, C.A",992150,Factura,29/01/2026,363.6623,04/03/2026,249.12,39.86,14495.58,3623.89,249.12,,3622.08,10869.87
000081,Carvajal Romero C.A.,982132,Nota de Crédito,05/02/2026,378.4582,07/02/2026,-3767.5,-602.8,-228134.6,-57033.65,-3767.5,,-57033.65,-171100.95
000081,Carvajal Romero C.A.,982134,Nota de Crédito,05/02/2026,378.4582,07/02/2026,-2340.8,-374.53,-141743.95,-35435.99,-1352.05,,-35435.04,-106308.91
001639,Libreria Latina Costa America C.A,992201,Factura,05/02/2026,378.4582,12/03/2026,8.16,1.31,495.78,123.94,8.16,,124.89,
000456,"Exipapel,C.A",992217,Factura,06/02/2026,381.1074,24/02/2026,3.14,0.5,190.55,47.64,3.14,,45.73,144.82
003003,"Todo Baratiiico, C.A.",982146,Nota de Crédito,10/02/2026,385.272,12/03/2026,-11.52,-1.84,-708.9,-177.22,0.0,,,-531.68
000456,"Exipapel,C.A",982155,Nota de Crédito,18/02/2026,396.3674,05/03/2026,-3.14,-0.5,-198.18,-49.55,-3.14,,-47.56,-150.62
000456,"Exipapel,C.A",982156,Nota de Crédito,18/02/2026,396.3674,05/03/2026,-32.59,-5.21,-2065.07,-516.27,0.0,,,-1549.8
000456,"Exipapel,C.A",982157,Nota de Crédito,18/02/2026,396.3674,05/03/2026,-19.1,-2.42,-959.21,-239.8,0.0,,,-717.42
002609,"El Rompecabezas Fusion, C.A",992269,Factura,19/02/2026,398.7456,25/03/2026,262.95,38.06,15176.26,3794.07,0.0,,,11384.19
002609,"El Rompecabezas Fusion, C.A",992270,Factura,19/02/2026,398.7456,25/03/2026,255.28,39.29,15666.71,3916.68,0.0,,,11751.03
002609,"El Rompecabezas Fusion, C.A",992271,Factura,19/02/2026,398.7456,25/03/2026,243.86,29.72,11850.72,2962.68,-0.0,,,8888.04
002841,"Aula 313, C.A",992266,Factura,19/02/2026,398.7456,25/03/2026,376.9,55.02,21938.98,5484.74,-0.0,,,16456.23
000436,"Farmatodo, C.A",982166,Nota de Crédito,20/02/2026,402.3343,20/02/2026,-2.78,-0.15,-60.35,-15.09,-2.78,,-16.09,-44.26
002188,Profimatica C.A,982168,Nota de Crédito,20/02/2026,402.3343,22/02/2026,-33.0,-5.28,-2124.33,-531.08,-33.0,,-531.08,-1593.24
002188,Profimatica C.A,982163,Nota de Crédito,20/02/2026,402.3343,22/02/2026,-279.32,-44.69,-17980.32,-4495.08,-279.32,,-4494.07,-13486.25
002188,Profimatica C.A,982164,Nota de Crédito,20/02/2026,402.3343,22/02/2026,-19.9,-1.01,-406.36,-101.59,-19.9,,-100.58,-305.77
002188,Profimatica C.A,982165,Nota de Crédito,20/02/2026,402.3343,22/02/2026,-12.36,-1.98,-796.62,-199.16,-12.36,,-197.14,-599.48
002627,"Inside Market, Supermercado Rio C.A",992278,Factura,20/02/2026,402.3343,22/03/2026,745.86,58.68,23608.98,5902.24,745.86,,5902.24,
000101,Asociacion Civil La Gran Proveeduria Estudiantil (A.C La Prov Estud.),982170,Nota de Crédito,23/02/2026,405.3518,25/02/2026,-26.44,-4.23,-1714.64,-428.66,0.0,,,-1284.97
000101,Asociacion Civil La Gran Proveeduria Estudiantil (A.C La Prov Estud.),982171,Nota de Crédito,23/02/2026,405.3518,25/02/2026,-87.41,-8.25,-3344.15,-836.04,0.0,,,-2509.13
002841,"Aula 313, C.A",982175,Nota de Crédito,02/03/2026,419.9873,01/04/2026,-9.3,-1.49,-625.78,-156.44,0.0,,,-470.39
000436,"Farmatodo, C.A",982186,Nota de Crédito,04/03/2026,425.6741,04/03/2026,-0.55,-0.04,-17.03,-4.26,-0.55,,-4.26,-12.77
002757,Inversiones Oriente 20.22 C.A,982177,Nota de Crédito,04/03/2026,425.6741,03/04/2026,-36.0,-5.76,-2451.88,-612.97,-36.0,,-612.97,-1838.91
002849,"Papeleria Estrella Oriental, C.A",992328,Factura,04/03/2026,425.6741,03/04/2026,696.96,87.71,37335.88,9333.97,696.96,,9335.03,28000.84
003192,"Supercenter 168, C.A",982181,Nota de Crédito,04/03/2026,425.6741,06/03/2026,-174.39,-27.9,-11876.31,-2969.08,-174.39,,-2966.95,-8909.36
003192,"Supercenter 168, C.A",982182,Nota de Crédito,04/03/2026,425.6741,06/03/2026,-84.18,-13.47,-5733.83,-1433.46,-84.18,,-1434.52,-4299.31
000096,Fotocopiado y Soluciones P & Y. C.A.,992336,Factura,05/03/2026,427.9302,08/04/2026,219.48,31.1,13308.63,3327.16,-0.0,,3329.3,
000149,Libreria El Nuevo Saber. C.A.,992341,Factura,05/03/2026,427.9302,08/04/2026,298.62,47.78,20446.5,5111.62,298.62,,5113.77,
000149,Libreria El Nuevo Saber. C.A.,992342,Factura,05/03/2026,427.9302,08/04/2026,466.41,56.69,24259.36,6064.84,466.41,,6063.77,
002941,Tu Mundo Crayola C.A,992368,Factura,11/03/2026,438.205,16/04/2026,161.4,25.82,11314.45,2828.61,36.39,,2830.8,8483.65
002944,PC Center Margarita C.A,982196,Nota de Crédito,11/03/2026,438.205,10/04/2026,-48.6,-7.78,-3409.23,-852.31,-48.6,,-854.5,-2554.74
000081,Carvajal Romero C.A.,992402,Factura,12/03/2026,440.9657,16/03/2026,293.58,46.97,20712.16,5178.04,293.58,,5176.94,15535.22
000157,Libreria  Punto y Coma Caribe. C.A.,992395,Factura,12/03/2026,440.9657,16/04/2026,21.6,3.46,1525.74,381.44,0.0,,,1146.51
001298,La Cartoleria C.A,992375,Factura,12/03/2026,440.9657,19/04/2026,283.1,38.04,16774.34,4193.59,44.18,,,
002944,PC Center Margarita C.A,992386,Factura,12/03/2026,440.9657,19/04/2026,459.56,73.53,32424.21,8106.05,0.0,,,24319.26
002944,PC Center Margarita C.A,992381,Factura,12/03/2026,440.9657,19/04/2026,1579.52,191.9,84621.32,21155.33,0.0,,21157.53,63468.19
002988,Distribuidora Monca CA,992385,Factura,12/03/2026,440.9657,18/04/2026,561.14,76.28,33636.86,8409.22,200.0,,8409.22,25227.65
003299,"Espacio Creativo Diandemar, C.A",992391,Factura,12/03/2026,440.9657,19/04/2026,429.48,60.0,26457.94,6614.48,-0.0,,6614.49,19843.46
001763,"Diversión en Grande, C.A.",992417,Factura,13/03/2026,443.2587,14/03/2026,3047.5,487.6,216132.94,54033.24,0.0,,,162099.71
002627,"Inside Market, Supermercado Rio C.A",992415,Factura,13/03/2026,443.2587,16/04/2026,345.2,37.25,16511.39,4127.85,345.2,,4126.74,
000436,"Farmatodo, C.A",982200,Nota de Crédito,16/03/2026,446.8048,16/03/2026,-1.02,-0.15,-67.02,-16.75,-1.02,,-17.87,-49.15
000436,"Farmatodo, C.A",982206,Nota de Crédito,18/03/2026,451.5072,18/03/2026,-0.68,-0.06,-27.09,-6.77,-0.68,,-4.52,-18.06
002716,"Su Mayor De Papeleria ,C.A (Sumapaca)",982204,Nota de Crédito,18/03/2026,451.5072,20/03/2026,-124.56,-19.93,-8998.54,-2249.64,0.0,,,-6750.03
002716,"Su Mayor De Papeleria ,C.A (Sumapaca)",982210,Nota de Crédito,24/03/2026,459.4525,26/03/2026,-28.7,-4.59,-2108.89,-527.22,0.0,,,-1580.52
002716,"Su Mayor De Papeleria ,C.A (Sumapaca)",982211,Nota de Crédito,24/03/2026,459.4525,26/03/2026,-27.27,-4.36,-2003.21,-500.8,0.0,,,-1502.41
002148,Casetel (Compañia Anonima de Servicios y Telecomunicaciones),992468,Factura,07/04/2026,474.5338,14/05/2026,3262.38,466.22,221237.15,55309.29,0.0,,,165930.23
002737,Redvital Comercializadora C.A,992466,Factura,07/04/2026,474.5338,07/04/2026,176.91,20.16,9566.6,2391.65,0.0,,,7174.95
002737,Redvital Comercializadora C.A,992467,Factura,07/04/2026,474.5338,07/04/2026,53.83,7.96,3777.29,944.32,0.0,,,2832.97
000436,"Farmatodo, C.A",982216,Nota de Crédito,08/04/2026,475.0083,08/04/2026,-2.58,-0.35,-166.25,-41.56,-2.58,,-42.75,
000436,"Farmatodo, C.A",982220,Nota de Crédito,15/04/2026,478.5811,15/04/2026,-1.45,-0.2,-95.72,-23.93,-1.45,,-23.93,-71.79
000328,Recorca. C.A.,992495,Factura,16/04/2026,479.7775,06/05/2026,864.0,138.24,66324.44,16581.11,0.0,,,49743.33
000081,Carvajal Romero C.A.,992515,Factura,17/04/2026,480.2572,20/05/2026,1392.36,212.79,102193.93,25548.48,1392.36,,25549.68,76644.25
000081,Carvajal Romero C.A.,992518,Factura,17/04/2026,480.2572,20/05/2026,2250.24,360.04,172911.8,43227.95,2250.24,,43227.95,129683.85
000436,"Farmatodo, C.A",982226,Nota de Crédito,17/04/2026,480.2572,17/04/2026,-0.84,-0.08,-38.42,-9.61,-0.84,,-9.61,-28.82
001732,"El Mundo Del Libro 2012, C.A.",992509,Factura,17/04/2026,480.2572,20/05/2026,872.37,13.83,6641.96,1660.49,-0.0,,1661.69,
002148,Casetel (Compañia Anonima de Servicios y Telecomunicaciones),992505,Factura,17/04/2026,480.2572,20/05/2026,2529.8,75.65,36331.46,9082.86,207.85,,9081.66,
002159,"Papelpro, C.A.",992522,Factura,17/04/2026,480.2572,21/05/2026,12408.8,1985.41,953507.45,238376.86,4859.19,,238375.66,
003266,"Surtiven 2020, C.A",992519,Factura,17/04/2026,480.2572,21/04/2026,1796.31,57.01,27379.46,6844.86,-0.0,,,20535.8
003312,"Farma - Lucky, C.A",992521,Factura,17/04/2026,480.2572,06/05/2026,1089.44,86.76,41667.11,10416.78,0.0,,,31250.34
003312,"Farma - Lucky, C.A",992523,Factura,17/04/2026,480.2572,06/05/2026,418.83,67.01,32182.03,8045.51,0.0,,,24137.73
003312,"Farma - Lucky, C.A",992524,Factura,17/04/2026,480.2572,06/05/2026,126.72,20.28,9739.62,2434.91,0.0,,,7304.71
003312,"Farma - Lucky, C.A",992525,Factura,17/04/2026,480.2572,06/05/2026,246.24,39.4,18922.13,4730.53,-0.0,,,14191.6
000150,Inversiones Duri. C.A.,992538,Factura,20/04/2026,481.2177,21/05/2026,184.92,4.44,2136.61,534.15,82.2,,534.15,
000556,"Papeleria y Centro de Copiado El Rompecabezas, C.A",992540,Factura,20/04/2026,481.2177,21/05/2026,310.42,43.37,20870.41,5217.6,-0.0,,,15654.01
002082,"RPK *, C.A",992549,Factura,20/04/2026,481.2177,21/05/2026,317.38,48.77,23468.99,5867.25,-0.0,,,17602.94
002609,"El Rompecabezas Fusion, C.A",992542,Factura,20/04/2026,481.2177,21/05/2026,349.62,29.08,13993.81,3498.45,0.0,,,10495.36
002841,"Aula 313, C.A",992546,Factura,20/04/2026,481.2177,21/05/2026,415.23,47.14,22684.6,5671.15,0.0,,,17011.05
002841,"Aula 313, C.A",992547,Factura,20/04/2026,481.2177,21/05/2026,320.51,51.28,24676.84,6169.21,-0.0,,,18507.63
003192,"Supercenter 168, C.A",992529,Factura,20/04/2026,481.2177,20/04/2026,490.5,0.0,0.0,0.0,0.0,,0.0,0.0
003312,"Farma - Lucky, C.A",992526,Factura,20/04/2026,481.2177,06/05/2026,786.88,101.1,48651.11,12162.78,,,,36490.74
002609,"El Rompecabezas Fusion, C.A",992579,Factura,21/04/2026,481.6989,24/05/2026,316.49,33.35,16064.66,4016.16,0.0,,,12047.29
000089,Corporacion Japonesa. C.A.,992598,Factura,22/04/2026,482.7586,28/05/2026,184.54,24.25,11706.9,2926.72,-0.0,,,8781.38
000113,"Comercial Latina, C.A.",992606,Factura,22/04/2026,482.7586,28/05/2026,393.56,54.25,26189.65,6547.41,393.56,,6546.21,
002188,Profimatica C.A,992607,Factura,22/04/2026,482.7586,27/07/2026,4446.72,0.0,0.0,0.0,493.91,,0.0,0.0
000101,Asociacion Civil La Gran Proveeduria Estudiantil (A.C La Prov Estud.),992619,Factura,23/04/2026,483.3379,28/05/2026,1340.0,0.0,0.0,0.0,1340.0,,0.0,0.0
000103,La Reunion C.A.,992620,Factura,23/04/2026,483.3379,28/05/2026,718.92,39.19,18942.01,4735.5,718.92,,4736.71,14205.3
000103,La Reunion C.A.,992624,Factura,23/04/2026,483.3379,28/05/2026,178.86,28.62,13833.13,3458.28,-0.0,,,10372.43
000103,La Reunion C.A.,992628,Factura,23/04/2026,483.3379,28/05/2026,1010.0,0.0,0.0,0.0,1010.0,,0.0,0.0
002188,Profimatica C.A,992614,Factura,23/04/2026,483.3379,28/05/2026,3390.64,528.55,255468.25,63867.06,3390.64,,63868.27,191599.98
002188,Profimatica C.A,992611,Factura,23/04/2026,483.3379,28/05/2026,3029.16,484.67,234259.38,58564.85,3029.16,,58566.05,175693.33
002628,"Papeleria y Libreria Total MK, C.A",992630,Factura,23/04/2026,483.3379,20/05/2026,645.29,103.25,49904.64,12476.16,645.29,,12474.95,37429.69
002716,"Su Mayor De Papeleria ,C.A (Sumapaca)",992618,Factura,23/04/2026,483.3379,28/05/2026,445.25,71.24,34432.99,8608.25,445.25,,8608.25,
002935,Producciones Litograficas Nacionales C.A,992634,Factura,23/04/2026,483.3379,28/05/2026,31.77,5.08,2455.36,613.84,-0.0,,613.84,
002935,Producciones Litograficas Nacionales C.A,992635,Factura,23/04/2026,483.3379,28/05/2026,109.68,17.55,8482.58,2120.64,-0.0,,2121.85,
002935,Producciones Litograficas Nacionales C.A,992636,Factura,23/04/2026,483.3379,28/05/2026,405.0,64.8,31320.3,7830.07,405.0,,7830.07,
002935,Producciones Litograficas Nacionales C.A,992637,Factura,23/04/2026,483.3379,28/05/2026,511.24,20.59,9951.93,2487.98,511.24,,2489.19,
000029,Corporacion Gran Import. C.A.,992657,Factura,24/04/2026,483.8695,21/05/2026,788.17,47.36,22916.06,5729.02,0.0,,,17187.04
000029,Corporacion Gran Import. C.A.,992658,Factura,24/04/2026,483.8695,21/05/2026,249.19,39.87,19291.88,4822.97,0.0,,,14467.7
000101,Asociacion Civil La Gran Proveeduria Estudiantil (A.C La Prov Estud.),992648,Factura,24/04/2026,483.8695,28/05/2026,402.93,64.46,31190.23,7797.56,402.93,,7795.14,23390.25
000101,Asociacion Civil La Gran Proveeduria Estudiantil (A.C La Prov Estud.),992649,Factura,24/04/2026,483.8695,28/05/2026,550.05,88.0,42580.52,10645.13,550.05,,10645.13,31935.39
000101,Asociacion Civil La Gran Proveeduria Estudiantil (A.C La Prov Estud.),992668,Factura,24/04/2026,483.8695,28/05/2026,839.82,134.37,65017.54,16254.39,839.82,,16253.18,48764.37
000101,Asociacion Civil La Gran Proveeduria Estudiantil (A.C La Prov Estud.),992669,Factura,24/04/2026,483.8695,28/05/2026,562.56,90.01,43553.09,10888.27,562.56,,10887.06,32666.03
000456,"Exipapel,C.A",992660,Factura,24/04/2026,483.8695,20/05/2026,187.51,30.0,14516.09,3629.02,0.0,,,10887.06
002212,Carlos Alfonso Araque Hernandez,992665,Factura,24/04/2026,483.8695,27/05/2026,292.05,30.31,14666.08,3666.52,292.05,,3667.73,10998.35
002212,Carlos Alfonso Araque Hernandez,992667,Factura,24/04/2026,483.8695,27/05/2026,18.6,2.98,1441.93,360.48,18.6,,358.06,1079.03
000081,Carvajal Romero C.A.,982272,Nota de Crédito,27/04/2026,484.7404,29/04/2026,-907.61,-145.22,-70394.0,-17598.5,-907.61,,-17596.08,-52797.92
000150,Inversiones Duri. C.A.,992673,Factura,27/04/2026,484.7404,21/05/2026,102.72,16.44,7969.13,1992.28,102.72,,1992.28,
001732,"El Mundo Del Libro 2012, C.A.",992678,Factura,27/04/2026,484.7404,20/05/2026,94.72,15.16,7348.66,1837.16,-0.0,,1837.17,
002148,Casetel (Compañia Anonima de Servicios y Telecomunicaciones),992672,Factura,27/04/2026,484.7404,20/05/2026,1889.8,302.37,146570.95,36642.74,1889.8,,36641.53,109929.43
003102,"Ofimil Inversiones, C.A",992683,Factura,27/04/2026,484.7404,24/05/2026,758.21,121.31,58803.86,14700.97,716.72,,14702.18,
003266,"Surtiven 2020, C.A",982266,Nota de Crédito,27/04/2026,484.7404,29/04/2026,-279.36,-44.7,-21667.9,-5416.98,0.0,,,-16248.5
003312,"Farma - Lucky, C.A",992679,Factura,27/04/2026,484.7404,06/05/2026,155.02,24.8,12021.56,3005.39,155.02,,3005.39,9016.17
002662,El Estudiante  01 C.A,982276,Nota de Crédito,28/04/2026,485.2251,30/04/2026,-286.8,-45.89,-22266.98,-5566.74,0.0,,,-16701.45
000028,Libreria Santa Rosa. C.A.,982280,Nota de Crédito,29/04/2026,486.1955,01/05/2026,-17.76,-2.84,-1380.8,-345.2,0.0,,,-1035.6
000028,Libreria Santa Rosa. C.A.,982281,Nota de Crédito,29/04/2026,486.1955,01/05/2026,-186.24,-29.8,-14488.63,-3622.16,0.0,,,-10866.47
000028,Libreria Santa Rosa. C.A.,982282,Nota de Crédito,29/04/2026,486.1955,01/05/2026,-420.0,-67.2,-32672.34,-8168.09,0.0,,,-24504.25
003185,"Supermarket Ejercito, C.A",992706,Factura,29/04/2026,486.1955,12/05/2026,206.4,27.74,13487.06,3371.76,206.4,,3369.33,10112.87
000152,Libreria  Punto y Coma. C.A.,992724,Factura,30/04/2026,487.1192,04/06/2026,359.55,40.38,19669.87,4917.47,359.55,,4919.9,14754.84
000154,Libreria Punto y Coma Unicentro. C.A.,992723,Factura,30/04/2026,487.1192,04/06/2026,359.55,40.38,19669.87,4917.47,359.55,,4919.9,14754.84
000157,Libreria  Punto y Coma Caribe. C.A.,992725,Factura,30/04/2026,487.1192,05/06/2026,359.55,40.38,19669.87,4917.47,359.55,,4919.9,14754.84
000268,Libreria  Tecnica  El Quijote. C.A.,992726,Factura,30/04/2026,487.1192,05/06/2026,359.55,40.38,19669.87,4917.47,359.55,,4919.9,14754.84
002107,J & N  Inversiones C.A,992736,Factura,30/04/2026,487.1192,05/06/2026,915.88,66.12,32208.32,8052.08,133.89,,8052.08,24156.24
003216,"Comercial 212, C.A",992753,Factura,05/05/2026,490.0442,06/06/2026,244.34,27.22,13339.0,3334.75,244.34,,3332.3,10001.8
000546,"Zsitto, C.A.",992769,Factura,06/05/2026,493.3765,11/06/2026,151.76,24.28,11979.18,2994.8,0.0,,,8984.39
003264,"Inversiones Evergrande 168, C.A",992778,Factura,06/05/2026,493.3765,06/06/2026,1182.22,0.0,0.0,0.0,1182.22,,0.0,0.0
000081,Carvajal Romero C.A.,992787,Factura,07/05/2026,496.8301,10/06/2026,3632.78,202.36,100538.54,25134.63,3632.78,,25134.63,75403.9
000081,Carvajal Romero C.A.,992788,Factura,07/05/2026,496.8301,10/06/2026,1829.3,271.67,134973.83,33743.46,1829.3,,33744.7,101229.13
000081,Carvajal Romero C.A.,992802,Factura,08/05/2026,499.8608,10/06/2026,2167.8,346.85,173376.72,43344.18,2167.8,,43342.93,130033.79
001794,"Variedades Oriari 2605, C.A.",992798,Factura,08/05/2026,499.8608,28/05/2026,208.07,25.08,12536.51,3134.13,0.0,,,9402.38
001794,"Variedades Oriari 2605, C.A.",992794,Factura,08/05/2026,499.8608,28/05/2026,639.39,102.3,51135.76,12783.94,0.0,,,38349.32
001794,"Variedades Oriari 2605, C.A.",992795,Factura,08/05/2026,499.8608,28/05/2026,491.44,23.56,11776.72,2944.18,-0.0,,,8832.54
002913,"Papeleria Oriari 0526, C.A",992796,Factura,08/05/2026,499.8608,28/05/2026,106.17,12.06,6028.32,1507.08,106.17,,1509.58,4518.74
002913,"Papeleria Oriari 0526, C.A",992797,Factura,08/05/2026,499.8608,28/05/2026,501.86,25.23,12611.49,3152.87,-0.0,,,9457.37
002989,"Supermercado Don Samuel, C.A.",992803,Factura,08/05/2026,499.8608,18/05/2026,0.1,0.02,10.0,2.5,0.1,,5.0,5.0
000436,"Farmatodo, C.A",982304,Nota de Crédito,12/05/2026,504.9146,12/05/2026,-0.4,-0.06,-30.29,-7.57,-0.4,,-5.05,-20.2
000555,"Genial Group , C.A",982302,Nota de Crédito,12/05/2026,504.9146,27/05/2026,-19.28,-3.08,-1555.14,-388.79,0.0,,,-1166.35
002941,Tu Mundo Crayola C.A,992830,Factura,14/05/2026,510.7873,17/06/2026,587.32,88.96,45439.64,11359.91,587.32,,11359.91,34079.73
003328,"Novedades Sirena 1438, C.A",992836,Factura,15/05/2026,515.18,18/05/2026,384.24,61.48,31673.27,7918.32,0.0,,,23754.95
003328,"Novedades Sirena 1438, C.A",992838,Factura,15/05/2026,515.18,18/05/2026,2542.4,209.11,107729.29,26932.32,-0.0,,,80795.68
003328,"Novedades Sirena 1438, C.A",992839,Factura,15/05/2026,515.18,18/05/2026,622.44,99.59,51306.78,12826.69,-0.0,,,38478.79
002212,Carlos Alfonso Araque Hernandez,982309,Nota de Crédito,18/05/2026,515.18,18/05/2025,-18.6,-2.98,-1535.24,-383.81,-18.6,,-381.23,-1148.85
002755,Papeleria Chacao C.A,992852,Factura,18/05/2026,515.18,17/06/2026,178.2,28.51,14687.78,3671.95,178.2,,3673.23,11014.55
003327,"Espacios Modernos, C.A",992844,Factura,18/05/2026,515.18,18/05/2026,622.44,99.59,51306.78,12826.69,-0.0,,,38478.79
003327,"Espacios Modernos, C.A",992845,Factura,18/05/2026,515.18,18/05/2026,2523.44,206.07,106163.14,26540.78,0.0,,,79621.07
003327,"Espacios Modernos, C.A",992851,Factura,18/05/2026,515.18,18/05/2026,384.24,61.48,31673.27,7918.32,-0.0,,,23754.95
000081,Carvajal Romero C.A.,982311,Nota de Crédito,19/05/2026,517.9619,21/05/2026,-839.42,-134.31,-69567.46,-17391.87,-839.42,,-17393.16,-52174.3
002723,Mercantil Extra C.A,992858,Factura,19/05/2026,517.9619,24/06/2026,456.0,0.0,0.0,0.0,456.0,,0.0,0.0
000318,Inversiones Burbujas 21. C.A.,992859,Factura,20/05/2026,520.9142,24/06/2026,273.6,0.0,0.0,0.0,273.6,,0.0,0.0
003051,"Comercial Super Heroe, C.A",992864,Factura,20/05/2026,520.9142,24/06/2026,634.1,51.62,26889.59,6722.4,634.1,,6719.79,20169.8
002414,Libreria Horizonte Lecheria C.A,992887,Factura,29/05/2026,549.3716,01/07/2026,133.72,21.4,11756.55,2939.14,133.72,,2939.14,8817.41
003319,"Mini Market El Perijanero, C.A",992889,Factura,29/05/2026,549.3716,02/07/2026,418.24,66.92,36763.95,9190.99,167.28,,9190.99,27572.96
002109,"Multitienda Offic Max, C.A",982317,Nota de Crédito,02/06/2026,557.9741,04/06/2026,-8.16,-1.31,-730.95,-182.74,-8.16,,-184.13,-546.81
002716,"Su Mayor De Papeleria ,C.A (Sumapaca)",982320,Nota de Crédito,02/06/2026,557.9741,04/06/2026,-52.6,-8.42,-4698.14,-1174.54,-52.6,,-1171.75,-3526.4
002716,"Su Mayor De Papeleria ,C.A (Sumapaca)",982321,Nota de Crédito,02/06/2026,557.9741,04/06/2026,-439.11,0.0,0.0,0.0,-439.11,,0.0,0.0
002716,"Su Mayor De Papeleria ,C.A (Sumapaca)",982322,Nota de Crédito,02/06/2026,557.9741,04/06/2026,-493.5,-78.96,-44057.63,-11014.41,-493.5,,-11014.41,-33043.23
002737,Redvital Comercializadora C.A,992896,Factura,02/06/2026,557.9741,02/06/2026,170.33,24.88,13882.4,3470.6,170.33,,3470.6,10411.8
002737,Redvital Comercializadora C.A,992897,Factura,02/06/2026,557.9741,02/06/2026,51.63,8.26,4608.87,1152.22,51.63,,1149.43,3459.44
002811,"Inversiones 141067, C.A",992894,Factura,02/06/2026,557.9741,08/07/2026,595.9,95.34,53197.25,13299.31,595.9,,13302.1,39895.15
002811,"Inversiones 141067, C.A",992895,Factura,02/06/2026,557.9741,08/07/2026,825.56,103.75,57889.81,14472.45,825.56,,14473.85,43415.96
002941,Tu Mundo Crayola C.A,982318,Nota de Crédito,02/06/2026,557.9741,02/07/2026,-412.0,-65.92,-36781.65,-9195.41,-412.0,,-9195.41,-27586.24
002075,Inversiones Payper C.A,992902,Factura,03/06/2026,558.6436,04/07/2026,316.08,50.57,28250.61,7062.65,316.08,,7061.26,21189.35
003181,"Sunny House, C.A",992900,Factura,03/06/2026,558.6436,08/06/2026,2067.84,330.85,184827.24,46206.81,0.0,,,138621.82
000028,Libreria Santa Rosa. C.A.,992910,Factura,04/06/2026,560.3753,09/07/2026,2420.88,276.17,154758.85,38689.71,0.0,,38688.31,116070.54
000028,Libreria Santa Rosa. C.A.,992911,Factura,04/06/2026,560.3753,08/08/2026,1733.28,240.5,134770.26,33692.57,1733.28,,33689.76,101080.5
002554,"Distribuidora Ogyar 1404, C.A.",992908,Factura,04/06/2026,560.3753,05/06/2026,440.3,70.45,39478.44,9869.61,-0.0,,,29610.23
000028,Libreria Santa Rosa. C.A.,992916,Factura,05/06/2026,563.2892,08/08/2026,240.0,38.4,21630.31,5407.58,240.0,,5407.58,16222.73
003326,"Hogar Ideal 1441, C.A",992913,Factura,05/06/2026,563.2892,08/06/2026,678.16,52.95,29826.16,7456.54,-0.0,,,22368.21
003327,"Espacios Modernos, C.A",992919,Factura,05/06/2026,563.2892,08/06/2026,312.4,8.32,4686.57,1171.64,-0.0,,,3514.92
003328,"Novedades Sirena 1438, C.A",992917,Factura,05/06/2026,563.2892,08/06/2026,396.33,58.88,33166.47,8291.62,0.0,,,24874.85
003328,"Novedades Sirena 1438, C.A",992914,Factura,05/06/2026,563.2892,08/06/2026,283.55,45.37,25556.43,6389.11,0.0,,,19168.73
003328,"Novedades Sirena 1438, C.A",992915,Factura,05/06/2026,563.2892,08/06/2026,696.81,57.33,32293.37,8073.34,0.0,,,24221.44
003329,"Grupo Mango Bajito, C.A",992918,Factura,05/06/2026,563.2892,08/06/2026,373.4,4.19,2360.18,590.04,0.0,,,1768.73
000092,Distribuidora Brando. C.A.,992930,Factura,09/06/2026,567.6828,16/07/2026,2163.82,126.12,71596.15,17899.04,2163.82,,17899.04,53697.12
002825,"Inversiones Constelacion 2022, C.A",982330,Nota de Crédito,09/06/2026,567.6828,11/06/2026,-153.99,-21.84,-12398.19,-3099.55,-153.99,,-3099.55,-9298.64
002716,"Su Mayor De Papeleria ,C.A (Sumapaca)",992937,Factura,11/06/2026,577.5461,16/07/2026,985.21,157.63,91038.59,22759.65,985.21,,22761.09,68277.5
002825,"Inversiones Constelacion 2022, C.A",992936,Factura,11/06/2026,577.5461,12/07/2026,153.99,24.64,14230.74,3557.68,153.99,,3557.68,10673.05
003266,"Surtiven 2020, C.A",992940,Factura,12/06/2026,582.6862,15/06/2026,558.72,89.4,52092.15,13023.04,558.72,,13023.04,39069.11
000114,Chinalandia. C.A.,992944,Factura,15/06/2026,587.4059,23/07/2026,2637.64,145.7,85585.04,21396.26,0.0,,,64191.72
003266,"Surtiven 2020, C.A",992945,Factura,15/06/2026,587.4059,22/06/2026,153.6,24.58,14438.44,3609.61,153.6,,3606.67,10825.89
003302,"1GVA, C.A",992947,Factura,15/06/2026,587.4059,25/07/2026,144.21,23.07,13551.45,3387.86,144.21,,3389.33,10162.12
003216,"Comercial 212, C.A",992956,Factura,17/06/2026,596.7824,07/07/2026,314.92,34.5,20588.99,5147.25,314.92,,5144.26,15444.73
003264,"Inversiones Evergrande 168, C.A",992951,Factura,17/06/2026,596.7824,23/07/2026,511.2,81.79,48810.83,12202.71,511.2,,12204.2,36606.63
003344,Fotocopiado La Central C.A,992950,Factura,17/06/2026,596.7824,23/07/2026,381.65,61.06,36439.53,9109.88,381.65,,9112.87,27332.63
003347,"Famoso Hipermercado, C.A",992958,Factura,17/06/2026,596.7824,23/07/2026,462.34,36.04,21508.04,5377.01,462.34,,5377.01,16131.03
000088,Interbyte. C.A.,992966,Factura,18/06/2026,602.3324,23/07/2026,523.25,83.72,50427.27,12606.82,523.25,,12606.82,37820.45
001462,Insumos De Papelería y Articulos De Oficina Pirineos C.A. (Inparpica),992962,Factura,18/06/2026,602.3324,25/07/2026,284.2,21.77,13112.78,3278.2,68.92,,3276.69,9836.09
001462,Insumos De Papelería y Articulos De Oficina Pirineos C.A. (Inparpica),992964,Factura,18/06/2026,602.3324,25/07/2026,336.8,26.76,16118.42,4029.61,336.8,,4029.6,12088.81
002148,Casetel (Compañia Anonima de Servicios y Telecomunicaciones),992967,Factura,18/06/2026,602.3324,22/07/2026,2988.4,0.0,0.0,0.0,2988.4,,0.0,0.0
003347,"Famoso Hipermercado, C.A",992959,Factura,18/06/2026,602.3324,23/07/2026,342.23,54.76,32983.72,8245.93,342.23,,8245.93,24737.79
003349,"Multitienda Familia, C.A",992960,Factura,18/06/2026,602.3324,23/07/2026,268.83,43.01,25906.32,6476.58,268.83,,6475.07,19431.24
003349,"Multitienda Familia, C.A",992961,Factura,18/06/2026,602.3324,23/07/2026,328.4,26.56,15997.95,3999.49,328.4,,3999.49,11998.46
002148,Casetel (Compañia Anonima de Servicios y Telecomunicaciones),992968,Factura,19/06/2026,607.3919,22/07/2026,0.1,0.02,12.15,3.04,0.1,,6.07,6.07
000092,Distribuidora Brando. C.A.,982334,Nota de Crédito,22/06/2026,612.4332,24/06/2026,-690.3,0.0,0.0,0.0,-690.3,,0.0,0.0
000328,Recorca. C.A.,982336,Nota de Crédito,22/06/2026,612.4332,07/07/2026,-216.0,-34.56,-21165.69,-5291.42,-216.0,,-5291.42,-15874.27
002755,Papeleria Chacao C.A,992974,Factura,22/06/2026,612.4332,23/07/2026,259.56,41.53,25434.35,6358.59,259.56,,6357.06,19077.29
003220,"Grupo El Exitazo, C.A",992975,Factura,22/06/2026,612.4332,23/07/2026,1313.04,210.09,128666.09,32166.52,1313.04,,32164.99,96501.1
003266,"Surtiven 2020, C.A",982335,Nota de Crédito,22/06/2026,612.4332,24/06/2026,-320.64,-51.3,-31417.82,-7854.45,-320.64,,-7851.39,-23566.43
003312,"Farma - Lucky, C.A",992976,Factura,22/06/2026,612.4332,22/08/2026,445.2,71.23,43623.62,10905.91,445.2,,10907.44,32716.18
000436,"Farmatodo, C.A",982337,Nota de Crédito,29/06/2026,623.0223,29/06/2026,-1.32,-0.16,-99.68,-24.92,-1.32,,-24.92,-74.76
000324,Felix Valois Acevedo (Papeleria El Venezolano),992986,Factura,30/06/2026,623.0223,13/08/2026,506.75,39.1,24360.17,6090.04,506.75,,6093.16,18267.01
000837,"""Papeleria Latina Oriente, Compañia Anonima""",992988,Factura,30/06/2026,623.0223,22/08/2026,333.8,53.41,33275.62,8318.91,333.8,,8317.35,24958.27
002737,Redvital Comercializadora C.A,992987,Factura,30/06/2026,623.0223,23/07/2026,117.88,15.56,9694.23,2423.56,117.88,,2423.56,7270.67
002737,Redvital Comercializadora C.A,992948,Factura,16/06/2026,592.5163,23/07/2026,179.04,23.87,14143.36,3535.84,-0.0,,,10606.04
002737,Redvital Comercializadora C.A,992949,Factura,16/06/2026,592.5163,23/07/2026,81.0,10.91,6464.35,1616.09,-0.0,,,4846.78
000153,Libreria Europa Costa Verde. C.A.,992994,Factura,02/07/2026,639.7029,23/07/2026,369.36,59.1,37806.44,9451.61,46.79,,,28358.03
000177,Papeleria Esteva. C.A.,992992,Factura,02/07/2026,639.7029,23/07/2026,249.26,5.26,3364.84,841.21,249.26,,838.01,2520.43
002996,Meixian Feng (Automercado Wu y Feng),992993,Factura,02/07/2026,639.7029,07/08/2026,11.52,1.84,1177.05,294.26,11.52,,294.26,882.79
000028,Libreria Santa Rosa. C.A.,992998,Factura,03/07/2026,652.9726,22/08/2026,893.52,50.5,32975.12,8243.78,893.52,,8240.51,24734.6
000081,Carvajal Romero C.A.,992996,Factura,03/07/2026,652.9726,22/08/2026,1467.6,50.5,32975.12,8243.78,1467.6,,8240.51,24734.6
000088,Interbyte. C.A.,992997,Factura,03/07/2026,652.9726,22/08/2026,317.5,0.0,0.0,0.0,317.5,,0.0,0.0
000092,Distribuidora Brando. C.A.,992999,Factura,03/07/2026,652.9726,21/09/2026,2515.08,126.24,82431.26,20607.81,2515.08,,20607.82,61823.45
000114,Chinalandia. C.A.,993000,Factura,03/07/2026,652.9726,22/08/2026,553.2,46.27,30213.04,7553.26,553.2,,7554.89,22658.15
000316,Comercial Victoria HL C.A.,993003,Factura,03/07/2026,652.9726,22/08/2026,495.0,23.14,15109.79,3777.45,495.0,,3780.71,11335.6
002325,"Mangocenter, C.A",993012,Factura,10/07/2026,709.6935,22/08/2026,88.25,14.12,10020.87,2505.22,88.25,,2505.22,7515.65
002737,Redvital Comercializadora C.A,993016,Factura,13/07/2026,721.3456,25/07/2026,194.74,16.41,11837.28,2959.32,194.74,,2957.52,8879.76
003288,"Odisea De Papel, C.A",993018,Factura,15/07/2026,725.747,13/08/2026,294.45,38.54,27970.29,6992.57,294.45,,6988.94,20981.35
003352,"Yoqu Super Market, C.A",993017,Factura,15/07/2026,725.747,22/08/2026,304.71,11.63,8440.44,2110.11,304.71,,2111.92,6328.51
000436,"Farmatodo, C.A",982347,Nota de Crédito,16/07/2026,727.4512,23/07/2026,-0.11,-0.02,-14.55,-3.64,-0.11,,-7.27,-7.27
000436,"Farmatodo, C.A",982348,Nota de Crédito,16/07/2026,727.4512,23/07/2026,-21.74,-3.15,-2291.47,-572.87,0.0,,,-1716.78
000436,"Farmatodo, C.A",982349,Nota de Crédito,16/07/2026,727.4512,23/07/2026,-9.23,-0.86,-625.61,-156.4,0.0,,,-472.84
000436,"Farmatodo, C.A",993023,Factura,16/07/2026,727.4512,23/07/2026,1110.58,145.43,105793.23,26448.31,-0.0,,,79343.1
000436,"Farmatodo, C.A",993024,Factura,16/07/2026,727.4512,23/07/2026,426.95,47.78,34757.62,8689.41,-0.0,,,26071.85
000436,"Farmatodo, C.A",993025,Factura,16/07/2026,727.4512,23/07/2026,10.26,1.64,1193.02,298.25,-0.0,,,894.76
003124,"Inversiones Mas Papel, C.A",993019,Factura,16/07/2026,727.4512,22/08/2026,442.5,0.0,0.0,0.0,442.5,,0.0,0.0
003215,"Ciudad Escolar, C.A",993022,Factura,16/07/2026,727.4512,21/09/2026,369.84,59.17,43043.29,10760.82,369.84,,10759.0,32284.28
000028,Libreria Santa Rosa. C.A.,993026,Factura,17/07/2026,732.4787,22/08/2026,3396.6,386.78,283308.11,70827.03,3396.6,,70823.37,212477.42
000071,Papeleria Moderna. C.A.,993035,Factura,17/07/2026,732.4787,22/08/2026,1510.0,22.72,16641.92,4160.48,1510.0,,4160.48,12481.44
000081,Carvajal Romero C.A.,982350,Nota de Crédito,17/07/2026,732.4787,25/07/2026,-146.76,-5.05,-3699.02,-924.75,-146.76,,-922.92,-2776.09
000081,Carvajal Romero C.A.,993044,Factura,17/07/2026,732.4787,22/08/2026,2251.44,268.07,196355.57,49088.89,2251.44,,49090.72,147264.84
000081,Carvajal Romero C.A.,993047,Factura,17/07/2026,732.4787,23/07/2026,5295.6,665.28,487303.43,121825.86,5295.6,,121825.86,365477.57
000092,Distribuidora Brando. C.A.,993029,Factura,17/07/2026,732.4787,22/08/2026,883.2,0.0,0.0,0.0,883.2,,0.0,0.0
000108,Comercial Las Chinitas Feng. C.A.,993036,Factura,17/07/2026,732.4787,21/09/2026,876.0,115.2,84381.55,21095.39,876.0,,21095.39,63286.16
000108,Comercial Las Chinitas Feng. C.A.,993037,Factura,17/07/2026,732.4787,22/08/2026,1152.0,103.68,75943.39,18985.85,1152.0,,18985.85,56957.54
000109,Comercial la Nueva Chinita. C.A.,993048,Factura,17/07/2026,732.4787,23/07/2026,13592.4,1103.42,808231.65,202057.91,13592.4,,202061.57,606177.4
000114,Chinalandia. C.A.,993031,Factura,17/07/2026,732.4787,22/08/2026,2370.04,225.59,165239.87,41309.97,2370.04,,41311.8,123928.07
000324,Felix Valois Acevedo (Papeleria El Venezolano),993032,Factura,17/07/2026,732.4787,13/08/2026,1118.7,112.19,82176.79,20544.2,1118.7,,20546.03,61630.76
000328,Recorca. C.A.,993027,Factura,17/07/2026,732.4787,22/08/2026,1449.6,175.1,128257.02,32064.26,1449.6,,32060.59,96189.1
000980,Nicola Salvatore La Selva (Libreria y Papeleria Universo),993039,Factura,17/07/2026,732.4787,13/08/2026,331.7,33.07,24223.07,6055.77,331.7,,6057.6,18165.47
001462,Insumos De Papelería y Articulos De Oficina Pirineos C.A. (Inparpica),993042,Factura,17/07/2026,732.4787,22/08/2026,403.96,48.51,35532.54,8883.14,403.96,,8884.97,26647.58
001462,Insumos De Papelería y Articulos De Oficina Pirineos C.A. (Inparpica),993043,Factura,17/07/2026,732.4787,22/08/2026,304.6,32.61,23886.13,5971.53,304.6,,5969.7,17916.43
001806,"Copiatodo, C.A.",993046,Factura,17/07/2026,732.4787,25/07/2026,2272.6,181.6,133018.13,33254.53,2272.6,,33254.53,99763.6
002559,"Mundo Papel El Rey, C.A.",993040,Factura,17/07/2026,732.4787,22/08/2026,2235.6,139.97,102525.04,25631.26,2235.6,,25629.43,76895.61
002559,"Mundo Papel El Rey, C.A.",993041,Factura,17/07/2026,732.4787,21/09/2026,2818.8,451.01,330355.22,82588.8,2818.8,,82586.97,247768.25
002873,"El Sotano Papeleria, Copias E Impresiones C.A.",993028,Factura,17/07/2026,732.4787,23/07/2026,648.0,103.68,75943.39,18985.85,648.0,,18985.85,56957.54
002940,Nouel Inversiones NN Store Barinas FP (Grisleidy Ayary Nouel Domoromo),993038,Factura,17/07/2026,732.4787,22/08/2026,316.52,41.54,30427.17,7606.79,316.52,,7603.13,22824.04
003071,"Ciudad Atlantico Pzo, C.A",993030,Factura,17/07/2026,732.4787,23/07/2026,2535.44,265.74,194648.89,48662.22,2535.44,,48665.88,145990.33
003215,"Ciudad Escolar, C.A",993049,Factura,17/07/2026,732.4787,21/09/2026,415.6,39.65,29042.78,7260.69,415.6,,7258.86,21783.92
003288,"Odisea De Papel, C.A",993045,Factura,17/07/2026,732.4787,13/08/2026,422.8,44.9,32888.29,8222.07,422.8,,8218.41,24662.56
000436,"Farmatodo, C.A",993051,Factura,20/07/2026,736.9339,23/07/2026,1003.48,114.1,84084.16,21021.04,1003.48,,21017.35,63066.8
000436,"Farmatodo, C.A",993052,Factura,20/07/2026,736.9339,23/07/2026,388.52,43.51,32063.99,8016.0,388.52,,8017.84,24046.15
000436,"Farmatodo, C.A",993053,Factura,20/07/2026,736.9339,23/07/2026,4.8,0.77,567.44,141.86,4.8,,140.02,427.42
001858,"Librería y Papelería el Mundo del Libro 2011, C.A.",993054,Factura,20/07/2026,736.9339,23/07/2026,1100.08,141.72,104438.27,26109.57,1100.08,,26109.57,78328.7
001858,"Librería y Papelería el Mundo del Libro 2011, C.A.",993050,Factura,20/07/2026,736.9339,23/07/2026,784.04,103.94,76596.91,19149.23,784.04,,19145.54,57444.0
002577,"Cha Cha Automercado, C.A",993056,Factura,20/07/2026,736.9339,22/08/2026,562.68,16.67,12284.69,3071.17,562.68,,3073.01,9211.67
002638,"Import Misol, C.A",993057,Factura,20/07/2026,736.9339,23/07/2026,862.14,113.75,83826.23,20956.56,862.14,,20958.4,62867.83
003342,"Grupo Bari 2025, C.A",993058,Factura,20/07/2026,736.9339,23/07/2026,12525.6,1201.54,885455.56,221363.89,12525.6,,221360.2,664087.98
003356,"Arial Papeleria, C.A",993055,Factura,20/07/2026,736.9339,22/08/2026,682.85,78.71,58004.07,14501.02,682.85,,14502.86,43501.21
000014,Distribuidora  Horno Rio. C.A.,993059,Factura,21/07/2026,737.2321,25/07/2026,1129.14,180.66,133188.35,33297.09,0.0,,,99894.95
000016,Libreria Los Pinos. C.A.,993062,Factura,21/07/2026,737.2321,22/08/2026,852.68,136.43,100580.58,25145.15,852.68,,25146.99,75433.59
001858,"Librería y Papelería el Mundo del Libro 2011, C.A.",993063,Factura,21/07/2026,737.2321,23/07/2026,204.0,32.64,24063.26,6015.81,204.0,,6015.81,18047.44
001973,"Libreria y Papeleria El Morichal II, C.A.",993067,Factura,21/07/2026,737.2321,22/08/2026,350.06,28.71,21165.93,5291.48,350.06,,5293.33,15872.61
002154,"Librería Kichi, C.A.",993066,Factura,21/07/2026,737.2321,22/08/2026,239.16,15.25,11242.79,2810.7,239.16,,2808.85,8433.94
002638,"Import Misol, C.A",993060,Factura,21/07/2026,737.2321,23/07/2026,97.2,15.55,11463.96,2865.99,97.2,,2867.83,8596.13
002996,Meixian Feng (Automercado Wu y Feng),982351,Nota de Crédito,21/07/2026,737.2321,25/07/2026,-8.81,-1.41,-1039.5,-259.88,-8.81,,-258.03,-781.47
003116,Inversiones Seleberth C.A,993061,Factura,21/07/2026,737.2321,22/08/2026,162.44,0.0,0.0,0.0,162.44,,0.0,0.0
003327,"Espacios Modernos, C.A",993064,Factura,21/07/2026,737.2321,23/07/2026,1508.58,79.31,58469.88,14617.47,1508.58,,14619.31,43850.57
003342,"Grupo Bari 2025, C.A",993065,Factura,21/07/2026,737.2321,23/07/2026,4377.6,700.42,516372.11,129093.03,4377.6,,129089.34,387282.77
003356,"Arial Papeleria, C.A",993068,Factura,21/07/2026,737.2321,22/08/2026,158.46,16.75,12348.64,3087.16,158.46,,3089.0,9259.64
